title,price,handle,image
Crew Socks 6pk,22,gymshark-crew-socks-6pk-socks-white-ss26-i2c5d-wb57,https://cdn.shopify.com/s/files/1/0156/6146/files/images-RedevelopedCrewSocks6pkGSBlackI2C5D_BB2J_0141_V2.jpg?v=1770920366
Mode Crossbody,16.8,gymshark-mode-crossbody-bags-green-ss26,https://cdn.shopify.com/s/files/1/0156/6146/files/images-LightweightDrawstringCrossbodyGSBlackI1C5N_BB2J_5622_V1.jpg?v=1763563012
Midi Socks 3pk,16,gymshark-midi-socks-3pk-socks-white-ss26-i2c5e-wb57,https://cdn.shopify.com/s/files/1/0156/6146/files/images-RedevelopedMidiSocks3pkGSBlackI2C5E_BB2J_0165_V2.jpg?v=1770920523
Mode Duffle Bag,42,gymshark-mode-duffle-bag-bags-black-ss26,https://cdn.shopify.com/s/files/1/0156/6146/files/images-ModeDuffleBagGSBlackI2C3O_BB2J_0216_V3.jpg?v=1772049527
Diffuse Sweat Headband,20,gymshark-diffuse-sweat-headband-black-ss24,https://cdn.shopify.com/s/files/1/0156/6146/files/DiffuseSweatHeadbandGSBlackI3A1N-BB2J-0804_c59d02d9-76be-4f0c-9137-9261df04a087.jpg?v=1730372987
Slogan Tote,25.6,gymshark-slogan-tote-bags-blue-ss26,https://cdn.shopify.com/s/files/1/0156/6146/files/images-CanvasGoodToteGFX1GSCarmineRedI2C3Z_RBQW_0467_V3.jpg?v=1769765899
Cotton Lifting Straps,20,gymshark-cotton-lifting-straps-equipment-brown-ss26,https://cdn.shopify.com/s/files/1/0156/6146/files/images-CottonLiftingStrapsGSBlackI1C4N_BB2J_0014_V1.jpg?v=1771337553
Quarter Socks 5pk,20,gymshark-quarter-socks-5pk-socks-white-ss26,https://cdn.shopify.com/s/files/1/0156/6146/files/images-QuarterSocks5pkGSLightGreyGSStratusGreyGSSorbetYellowGSDuskPurpleGSCoolBrownI3A4G_GD7P_5772_V3.jpg?v=1770110296
Leather Lifting Straps,28,gymshark-leather-lifting-straps-equipment-grey-aw25,https://cdn.shopify.com/s/files/1/0156/6146/files/images-LeatherLiftingStrapsGSPitchGreyI1B6R_GB7Q_0126.jpg?v=1755804286
Metal Insulated Straw Bottle 1L,36,gymshark-metal-insulated-straw-bottle-1l-bottles-black-aw25,https://cdn.shopify.com/s/files/1/0156/6146/files/images-MetalInsulatedBottle1LwithStrawGSBlackI1C2C_BB2J_075_5.jpg?v=1754665615
